Title,Company,Salary,Link,Source
Senior Fullstack Developer,Kodify Media Group,💰 $70k - $90k,https://remoteok.com/remote-jobs/remote-senior-fullstack-developer-kodify-media-group-1130526,RemoteOK
Software Engineer C,Octo Horizon,💰 $120k - $180k,https://remoteok.com/remote-jobs/remote-software-engineer-c-octo-horizon-1128583,RemoteOK
Software engineer,Sticker Mule,💰 $140k - $150k,https://remoteok.com/remote-jobs/remote-software-engineer-sticker-mule-1093738,RemoteOK
Senior Full Stack Engineer,AMK Solutions,💰 $30k - $40k,https://remoteok.com/remote-jobs/remote-senior-full-stack-engineer-amk-solutions-1093412,RemoteOK
Sales Systems Engineer,Veeam Software,Not Mentioned,https://remoteok.com/remote-jobs/remote-sales-systems-engineer-veeam-software-1130451,RemoteOK
Product & Application Security Engineer,Veeam Software,Not Mentioned,https://remoteok.com/remote-jobs/remote-product-application-security-engineer-veeam-software-1130399,RemoteOK
Regulatory & Product Counsel,Lucid Software,Not Mentioned,https://remoteok.com/remote-jobs/remote-regulatory-product-counsel-lucid-software-1130293,RemoteOK
PHP Laravel Developer Needed ROCKSTARS ONLY,Agent Legend,💰 $50k - $70k,https://remoteok.com/remote-jobs/remote-php-laravel-developer-needed-rockstars-only-agent-legend-1129233,RemoteOK
Senior Full Stack Engineer,Aguru UK,💰 $60k - $100k,https://remoteok.com/remote-jobs/remote-senior-full-stack-engineer-aguru-uk-1104983,RemoteOK
Senior Director Customer Success Product Portfolio Management,Veeam Software,Not Mentioned,https://remoteok.com/remote-jobs/remote-senior-director-customer-success-product-portfolio-management-veeam-software-1130165,RemoteOK
Senior Software Engineer,Stellar AI,💰 $90k - $130k,https://remoteok.com/remote-jobs/remote-senior-software-engineer-stellar-ai-1128869,RemoteOK
Senior Staff Platform Engineer,Veeam Software,Not Mentioned,https://remoteok.com/remote-jobs/remote-senior-staff-platform-engineer-veeam-software-1130163,RemoteOK
Senior Full stack Developer,Lemon.io,💰 $80k - $190k,https://remoteok.com/remote-jobs/remote-senior-full-stack-developer-lemon-io-1130153,RemoteOK
Senior Sales Engineer Data & AI Security,Veeam Software,Not Mentioned,https://remoteok.com/remote-jobs/remote-senior-sales-engineer-data-ai-security-veeam-software-1130074,RemoteOK
Senior Solution Architect GSI,Veeam Software,Not Mentioned,https://remoteok.com/remote-jobs/remote-senior-solution-architect-gsi-veeam-software-1129817,RemoteOK
ML AI Ops Engineer,Veeam Software,Not Mentioned,https://remoteok.com/remote-jobs/remote-ml-ai-ops-engineer-veeam-software-1129816,RemoteOK
Senior Data Science Engineer,Veeam Software,Not Mentioned,https://remoteok.com/remote-jobs/remote-senior-data-science-engineer-veeam-software-1129814,RemoteOK
Lead Account Executive Enterprise Sales,Veeam Software,Not Mentioned,https://remoteok.com/remote-jobs/remote-lead-account-executive-enterprise-sales-veeam-software-1129789,RemoteOK
Senior Systems Engineer,Veeam Software,Not Mentioned,https://remoteok.com/remote-jobs/remote-senior-systems-engineer-veeam-software-1129105,RemoteOK
Director of Payments U.S. Canada,Banyan Software,Not Mentioned,https://remoteok.com/remote-jobs/remote-director-of-payments-u-s-canada-banyan-software-1128873,RemoteOK
Global Compensation COE Director,Veeam Software,Not Mentioned,https://remoteok.com/remote-jobs/remote-global-compensation-coe-director-veeam-software-1128574,RemoteOK
Inside Partner Manager EST,Veeam Software,Not Mentioned,https://remoteok.com/remote-jobs/remote-inside-partner-manager-est-veeam-software-1128464,RemoteOK
Strategic Account Manager,Veeam Software,Not Mentioned,https://remoteok.com/remote-jobs/remote-strategic-account-manager-veeam-software-1128347,RemoteOK
Senior Staff Ruby on Rails Engineer,Housecall Pro,💰 $90k - $100k,https://remoteok.com/remote-jobs/remote-senior-staff-ruby-on-rails-engineer-housecall-pro-1093828,RemoteOK
Aztec smart contracts and Javascript front end dev,Cloak,💰 $40k - $100k,https://remoteok.com/remote-jobs/remote-aztec-smart-contracts-and-javascript-front-end-dev-cloak-1093827,RemoteOK
FullStack Engineer,NTD software,Not Mentioned,https://remoteok.com/remote-jobs/remote-fullstack-engineer-ntd-software-1093802,RemoteOK
